{
  "Avg Sensors Value of All Rooms": {
    "Temperature": 22.484433841395436,
    "Humidity": 93.45581802919129
  },
  "roomArea1": [
    {
      "Temperature": {
        "Min": 18.08056577168301,
        "Max": 27.645036867742533,
        "Median": 20.426929919076247,
        "Average": 22.17457613578717
      },
      "Humidity": {
        "Min": 87.13200780574165,
        "Max": 97.33432640554545,
        "Median": 91.31239004765203,
        "Average": 91.69212385905038
      }
    }
  ],
  "roomArea2": [
    {
      "Temperature": {
        "Min": 17.37094500882897,
        "Max": 27.903109363253293,
        "Median": 22.99608366258836,
        "Average": 22.926241838914727
      },
      "Humidity": {
        "Min": 90.02551471465226,
        "Max": 97.34211317616695,
        "Median": 94.36622918005362,
        "Average": 93.9366123075834
      }
    }
  ],
  "roomArea3": [
    {
      "Temperature": {
        "Min": 17.902467059651464,
        "Max": 27.883913785093004,
        "Median": 23.484209931522848,
        "Average": 23.64598771856339
      },
      "Humidity": {
        "Min": 87.32412031245975,
        "Max": 97.3336971870608,
        "Median": 95.22485648973904,
        "Average": 93.60814129851973
      }
    }
  ],
  "roomArea4": [
    {
      "Temperature": {
        "Min": 17.067023107354895,
        "Max": 26.6398915861801,
        "Median": 20.22304037455183,
        "Average": 21.332006997266816
      },
      "Humidity": {
        "Min": 87.28153264796819,
        "Max": 96.78538669788607,
        "Median": 95.82098965131658,
        "Average": 94.4978195909816
      }
    }
  ],
  "roomArea5": [
    {
      "Temperature": {
        "Min": 18.218409708833004,
        "Max": 27.473009204797656,
        "Median": 22.09713625461655,
        "Average": 22.343356516445038
      },
      "Humidity": {
        "Min": 88.69753300045234,
        "Max": 97.94624933412655,
        "Median": 93.04480106360575,
        "Average": 93.54439308982111
      }
    }
  ]
}