{
  "Sensor Aggregation Data": {
    "RoomArea1": {
      "Sunday": [{
        "Temperature": {
          "Min": 17.051164672480155,
          "Max": 26.893966059320235,
          "Median": 22.088050594256725,
          "Average": 22.321448742652407
        },
        "Humidity": {
          "Min": 87.03293224165277,
          "Max": 96.91982120756491,
          "Median": 92.08142381487278,
          "Average": 92.06647963864862
        }
      }],
      "Monday": [{
        "Temperature": {
          "Min": 17.115379021766792,
          "Max": 26.69366677048858,
          "Median": 21.98247815504306,
          "Average": 22.028744978450472
        },
        "Humidity": {
          "Min": 87.38030981669365,
          "Max": 96.99954297852648,
          "Median": 91.8048286108158,
          "Average": 91.76628671007383
        }
      }],
      "Tuesday": [{
        "Temperature": {
          "Min": 17.412651813808782,
          "Max": 26.061929800048965,
          "Median": 21.476036473406303,
          "Average": 21.687595747552283
        },
        "Humidity": {
          "Min": 87.23340972758315,
          "Max": 96.3425381380177,
          "Median": 93.16307144622917,
          "Average": 92.27008889107101
        }
      }],
      "Wednesday": [{
        "Temperature": {
          "Min": 17.21858483236873,
          "Max": 26.966150000804,
          "Median": 21.18049492821814,
          "Average": 21.450648986302113
        },
        "Humidity": {
          "Min": 87.33859013208135,
          "Max": 96.85910388467508,
          "Median": 91.86105623745703,
          "Average": 92.03851040015296
        }
      }],
      "Thursday": [{
        "Temperature": {
          "Min": 17.174948951389467,
          "Max": 26.93380885689973,
          "Median": 21.22371319856714,
          "Average": 21.771784076343657
        },
        "Humidity": {
          "Min": 87.16458306813905,
          "Max": 96.76406125228898,
          "Median": 93.59483936012676,
          "Average": 92.67691006208204
        }
      }],
      "Friday": [{
        "Temperature": {
          "Min": 17.11660766811792,
          "Max": 26.98035967139652,
          "Median": 21.169254828756767,
          "Average": 21.681288320070042
        },
        "Humidity": {
          "Min": 87.11351144919757,
          "Max": 96.81726470292452,
          "Median": 92.06920679566102,
          "Average": 92.11413983752614
        }
      }],
      "Saturday": [{
        "Temperature": {
          "Min": 17.005340236963963,
          "Max": 26.907201111930977,
          "Median": 21.893985575425887,
          "Average": 21.955262461327465
        },
        "Humidity": {
          "Min": 87.15455985526175,
          "Max": 96.94181701636984,
          "Median": 91.88924138899816,
          "Average": 91.63659718201934
        }
      }]
    },
    "RoomArea2": {
      "Sunday": [{
        "Temperature": {
          "Min": 17.1336613467147,
          "Max": 26.65221924224917,
          "Median": 20.997039452627313,
          "Average": 21.290582583589032
        },
        "Humidity": {
          "Min": 87.04992702497108,
          "Max": 96.69664968344897,
          "Median": 91.50717194439756,
          "Average": 91.6390400506396
        }
      }],
      "Monday": [{
        "Temperature": {
          "Min": 17.12859330452798,
          "Max": 26.794735535817644,
          "Median": 22.387367847907615,
          "Average": 22.290364935407258
        },
        "Humidity": {
          "Min": 87.1530706448827,
          "Max": 96.94663622443313,
          "Median": 91.8312836030619,
          "Average": 92.16881307595924
        }
      }],
      "Tuesday": [{
        "Temperature": {
          "Min": 17.22652828300837,
          "Max": 26.824173832828475,
          "Median": 23.040208635652675,
          "Average": 22.890910481599885
        },
        "Humidity": {
          "Min": 87.16966021450688,
          "Max": 96.78766611360427,
          "Median": 91.24248662957353,
          "Average": 91.5343842423922
        }
      }],
      "Wednesday": [{
        "Temperature": {
          "Min": 17.08524853373927,
          "Max": 26.79246794606438,
          "Median": 22.097753813141637,
          "Average": 21.62532998562351
        },
        "Humidity": {
          "Min": 87.24214027802118,
          "Max": 96.69281881603267,
          "Median": 91.76137385460638,
          "Average": 91.962070890786
        }
      }],
      "Thursday": [{
        "Temperature": {
          "Min": 17.257016521092293,
          "Max": 26.99928737310924,
          "Median": 22.072823719771485,
          "Average": 22.246769430355855
        },
        "Humidity": {
          "Min": 87.04218701065376,
          "Max": 96.94968601576343,
          "Median": 91.56498320519842,
          "Average": 91.86556833035719
        }
      }],
      "Friday": [{
        "Temperature": {
          "Min": 17.05580777074611,
          "Max": 26.948741967370847,
          "Median": 21.52013955976608,
          "Average": 21.688830626407285
        },
        "Humidity": {
          "Min": 87.00796037119966,
          "Max": 96.93701567059617,
          "Median": 92.2812158040979,
          "Average": 92.19355060854174
        }
      }],
      "Saturday": [{
        "Temperature": {
          "Min": 17.033949669267418,
          "Max": 26.941792682843406,
          "Median": 22.77223262502535,
          "Average": 22.503550840893908
        },
        "Humidity": {
          "Min": 87.03232293718867,
          "Max": 96.62807170129116,
          "Median": 93.04948937150638,
          "Average": 92.26505733383799
        }
      }]
    },
    "RoomArea3": {
      "Sunday": [{
        "Temperature": {
          "Min": 17.219402177540896,
          "Max": 26.98179300279191,
          "Median": 21.669634667370097,
          "Average": 21.55681662830545
        },
        "Humidity": {
          "Min": 87.26647017884657,
          "Max": 96.90917098953813,
          "Median": 91.25828648548521,
          "Average": 91.90569166174583
        }
      }],
      "Monday": [{
        "Temperature": {
          "Min": 17.141040264416574,
          "Max": 26.979058066575472,
          "Median": 21.351161928859653,
          "Average": 21.876879166283207
        },
        "Humidity": {
          "Min": 87.10890537505557,
          "Max": 96.70775522452789,
          "Median": 92.46305449631049,
          "Average": 92.19004387510915
        }
      }],
      "Tuesday": [{
        "Temperature": {
          "Min": 17.439980500159916,
          "Max": 26.950620615170273,
          "Median": 21.204162792262274,
          "Average": 21.819367717570163
        },
        "Humidity": {
          "Min": 87.02600069483388,
          "Max": 96.9210767472363,
          "Median": 92.98121382744975,
          "Average": 92.71956208738675
        }
      }],
      "Wednesday": [{
        "Temperature": {
          "Min": 17.07299929404325,
          "Max": 26.85497701290079,
          "Median": 22.429569806575813,
          "Average": 22.177592947557198
        },
        "Humidity": {
          "Min": 87.22393590248849,
          "Max": 96.59124508352191,
          "Median": 91.8923765732855,
          "Average": 91.7660100471365
        }
      }],
      "Thursday": [{
        "Temperature": {
          "Min": 17.069630059269155,
          "Max": 26.95381244834025,
          "Median": 22.851666765154267,
          "Average": 22.268384066373827
        },
        "Humidity": {
          "Min": 87.19207925644594,
          "Max": 96.98659751767917,
          "Median": 92.94489249775415,
          "Average": 92.68378406299712
        }
      }],
      "Friday": [{
        "Temperature": {
          "Min": 17.12625286297698,
          "Max": 26.951763663646215,
          "Median": 21.83610331644347,
          "Average": 21.597949281240556
        },
        "Humidity": {
          "Min": 87.07559724016208,